{"cameraMode":{"drawMode":0,"name":"Shaded","section":"Shading Mode"},"sceneLighting":true,"audioPlay":false,"sceneViewState":{"m_AlwaysRefresh":false,"showFog":true,"showSkybox":true,"showFlares":true,"showImageEffects":true,"showParticleSystems":true,"showVisualEffectGraphs":true,"m_FxEnabled":true},"in2DMode":false,"pivot":{"x":-2.401296615600586,"y":1.673108458518982,"z":3.472900152206421},"rotation":{"x":0.34466731548309328,"y":-0.008454865776002407,"z":0.003085849341005087,"w":0.938689649105072},"size":30.652568817138673,"orthographic":true}