{"cameraMode":{"drawMode":0,"name":"Shaded","section":"Shading Mode"},"sceneLighting":true,"audioPlay":false,"sceneViewState":{"m_AlwaysRefresh":false,"showFog":true,"showSkybox":true,"showFlares":true,"showImageEffects":true,"showParticleSystems":true,"showVisualEffectGraphs":true,"m_FxEnabled":true},"in2DMode":false,"pivot":{"x":238.84963989257813,"y":269.9704284667969,"z":-16.373329162597658},"rotation":{"x":0.229823499917984,"y":-0.0014651392120867968,"z":0.00032184305018745363,"w":0.9732316136360169},"size":279.5752258300781,"orthographic":true}