{"cameraMode":{"drawMode":0,"name":"Shaded","section":"Shading Mode"},"sceneLighting":true,"audioPlay":false,"sceneViewState":{"m_AlwaysRefresh":false,"showFog":true,"showSkybox":true,"showFlares":true,"showImageEffects":true,"showParticleSystems":true,"showVisualEffectGraphs":true,"m_FxEnabled":true},"in2DMode":false,"pivot":{"x":16.85878562927246,"y":20.60344696044922,"z":3.6217918395996095},"rotation":{"x":0.23094290494918824,"y":0.05250496417284012,"z":-0.012504891492426396,"w":0.9714595079421997},"size":42.42435073852539,"orthographic":true}