{"cameraMode":{"drawMode":0,"name":"Shaded","section":"Shading Mode"},"sceneLighting":false,"audioPlay":false,"sceneViewState":{"m_AlwaysRefresh":false,"showFog":true,"showSkybox":false,"showFlares":true,"showImageEffects":true,"showParticleSystems":true,"showVisualEffectGraphs":true,"m_FxEnabled":true},"in2DMode":false,"pivot":{"x":-24.93000030517578,"y":3.4684643745422365,"z":-9.5367431640625e-7},"rotation":{"x":0.1012188270688057,"y":0.0059685432352125649,"z":-0.0006152595742605627,"w":0.9948235154151917},"size":9.455540657043457,"orthographic":true}